exp_id,method,views,aggregate,K_forward,model,val_macro_f1,val_top1,val_ece,val_f1_chinee,val_f1_snake,lat_p50_ms,lat_p95_ms,lat_p99_ms,throughput_img_s_b1,note,delta_f1_vs_I00,rel_cost_vs_I00
I00,I00_1view,center,-,1,T00/seed0 (convnext_tiny),0.9675884081376529,0.976006855184233,0.009220041983607562,0.9320843091334895,0.926470588235294,11.753230999602238,12.464320649996807,16.639366241051917,85.08298697046308,,0.0,1.0
I01,I01_hflip [prob],center+center_flip,prob,2,T00/seed0 (convnext_tiny),0.9681856057177671,0.9762924878606113,0.009733739525928643,0.9248826291079812,0.9294403892944039,23.922029000459588,25.043781551084976,32.26365758961038,41.80247419567914,,0.0005971975801142282,2.035357681753143
I01,I01_hflip [logit],center+center_flip,logit,2,T00/seed0 (convnext_tiny),0.967881257855372,0.976006855184233,0.009718659507560082,0.9248826291079812,0.9294403892944039,23.922029000459588,25.043781551084976,32.26365758961038,41.80247419567914,,0.0002928497177191458,2.035357681753143
I02,I02_5crop [logit-avg crops],five_crop,logit,5,T00/seed0 (convnext_tiny),0.9690991520704615,0.9768637532133676,0.008863167709962823,0.9302325581395349,0.928395061728395,60.23064049986715,80.75528820027102,101.92772215990777,16.602845191430525,,0.0015107439328085892,5.124602800872843
I02,I02_10crop [logit-avg crops],ten_crop,logit,10,T00/seed0 (convnext_tiny),0.9683970540080465,0.9765781205369894,0.009472875865940568,0.9223529411764706,0.9242053789731051,120.24000749988772,156.67481059954298,179.8896957094986,8.316699414717965,,0.0008086458703936428,10.23037899144133
I02,I02_3scale [prob],full224+full256+full288,prob,3,T00/seed0 (convnext_tiny),0.9744693438839982,0.980576978006284,0.007520071627405388,0.9500000000000001,0.9376558603491272,43.32115900069766,59.57730010013619,68.13516398002322,23.083408271322924,,0.006880935746345296,3.6858936068017187
I02,I02_3scale [logit],full224+full256+full288,logit,3,T00/seed0 (convnext_tiny),0.9752406420968502,0.9808626106826621,0.009231801752753437,0.9500000000000001,0.9376558603491272,43.32115900069766,59.57730010013619,68.13516398002322,23.083408271322924,,0.007652233959197341,3.6858936068017187
I04,I04_res224full,full224,-,1,T00/seed0 (convnext_tiny),0.9700727169752751,0.9768637532133676,0.012503685277729416,0.9336384439359268,0.9246231155778895,11.798933999671135,13.551514149639843,14.726653540838017,84.75341925193177,,0.0024843088376221845,1.003888547759373
I04,I04_res256,full256,-,1,T00/seed0 (convnext_tiny),0.9707403894020666,0.9780062839188803,0.007369391642382142,0.9348837209302325,0.9333333333333333,13.315714999407646,15.939432198774739,16.832791390188525,75.09923425399877,,0.003151981264413739,1.1329408057970005
I04,I04_res288,full288,-,1,T00/seed0 (convnext_tiny),0.9755836191529588,0.980576978006284,0.008429728884973245,0.9617977528089887,0.9476309226932668,16.81652400020539,17.696114999762354,19.325264000381168,59.46532113222604,,0.00799521101530587,1.430800092397955
I04,I04_res320,full320,-,1,T00/seed0 (convnext_tiny),0.973753006221092,0.9788631819480148,0.00926161857280263,0.9617977528089887,0.9476309226932668,20.96923049975885,21.363745898815978,22.583725019630947,47.68892210954046,,0.006164598083439055,1.7841247653916195
I05,I05_ensemble_top2 [prob],center,prob,2,B02:convnext_tiny+B03:deit_small,0.969418039669312,0.9774350185661239,0.012460655847305005,0.9444444444444444,0.9402985074626866,27.88932100065722,37.35315895055464,46.0115105304795,35.85601815033198,,0.0018296315316590483,2.3729067353139808
I05,I05_ensemble_top3 [prob],center,prob,3,B02:convnext_tiny+B03:deit_small+B01:resnet50,0.9663804717019026,0.9751499571550986,0.07185276150776776,0.9270588235294117,0.9287469287469287,38.85442150021845,45.03075195061682,57.87495945945923,25.73709661317124,,-0.0012079364357503453,3.305850238247967
I06,I06_EMA_weights (T08),center,-,1,T08/seed0 EMA,0.970077111479465,0.9765781205369894,0.010431939660316011,,,11.753230999602238,12.464320649996807,16.639366241051917,85.08298697046308,"cùng lần chạy, trọng số thường (epoch tốt nhất): macro-F1 0.9705135801370331",0.0024887033418120597,1.0
I07,I07_temperature (T=1.322),center,-,1,T00/seed0 (convnext_tiny),0.9675884081376529,0.976006855184233,0.0057227440032591665,0.9320843091334895,0.926470588235294,11.753230999602238,12.464320649996807,16.639366241051917,85.08298697046308,ECE val 0.0092 -> 0.0057; kiểm chéo 2 nửa val 0.0101 -> 0.0093,0.0,1.0
I08,I08_amp,center,-,1,T00/seed0 (convnext_tiny),0.9675884081376529,0.976006855184233,0.009220041983607562,0.9320843091334895,0.926470588235294,20.351815999674727,29.98655904957559,33.68814317987932,49.13566435624136,max |Δlogit| vs FP32 = 4.06e-02,0.0,1.731593295525587
I08,I08_fp16,center,-,1,T00/seed0 (convnext_tiny),0.9675884081376529,0.976006855184233,0.009244273082331219,0.9320843091334895,0.926470588235294,10.263625999868964,11.256233200583662,18.361353110740357,97.43145356356194,max |Δlogit| vs FP32 = 3.20e-02,0.0,0.8732599572165572
I08,I08_fuseBN (resnet50),center,-,1,B01/seed0 (resnet50),0.7837529285245632,0.8434732933447586,0.022708747512451728,0.5982404692082112,0.7112299465240641,15.188074499747017,17.779021750993707,18.109916930006897,65.84113081725117,gộp 53 cặp conv+BN; max |Δlogit| = 7.20e-05; macro-F1 trước gộp 0.7838,-0.18383547961308966,1.292246744768398
I08,I08_fuseBN (efficientnet_b0),center,-,1,B04/seed0 (efficientnet_b0),0.7244144347832877,0.8023421879463011,0.05607735420756045,0.6194225721784777,0.6875,12.931935999404232,14.501921748706081,15.894354669981164,77.32794223897099,gộp 49 cặp conv+BN; max |Δlogit| = 3.81e-05; macro-F1 trước gộp 0.7244,-0.2431739733543652,1.1002877421401727
