config,gpu,dtype,batch,img_size,views,bn_fused,p50,p95,p99,mean,n,images_per_s,torch,preprocessing_included
T00 convnext_tiny,Tesla T4,fp32,1,224,1,False,11.736283000573167,12.971893300345982,13.427576280573723,11.862936200031982,100,85.20585264952821,2.11.0+cu130,False
T00 convnext_tiny,Tesla T4,fp32,32,224,1,False,283.76921949984535,288.7386456004606,289.47437801080014,282.9854646300373,100,112.76769219861578,2.11.0+cu130,False
T00 convnext_tiny,Tesla T4,amp,1,224,1,False,14.187929999934568,17.947996600832987,27.971385970595318,13.980282810080098,100,70.48244529008896,2.11.0+cu130,False
T00 convnext_tiny,Tesla T4,amp,32,224,1,False,105.81414199896244,109.02194704985959,109.59768489892667,105.8453805699537,100,302.41704365295305,2.11.0+cu130,False
T00 convnext_tiny,Tesla T4,fp16,1,224,1,False,10.396926499197434,12.489356649803085,20.379794579730536,10.900750040018465,100,96.18227079677754,2.11.0+cu130,False
T00 convnext_tiny,Tesla T4,fp16,32,224,1,False,82.80943799945817,86.34032805011884,87.26458742941759,83.18259908986875,100,386.4293826050284,2.11.0+cu130,False
B01 resnet50,Tesla T4,fp32,1,224,1,False,15.932264999719337,27.105394149930362,31.966434711121114,16.090479110007436,100,62.76571473155989,2.11.0+cu130,False
B01 resnet50,Tesla T4,fp32,32,224,1,False,252.54858150037762,254.85648350049814,255.56024586881904,252.39573807990382,100,126.70829434039862,2.11.0+cu130,False
B01 resnet50,Tesla T4,fp32,1,224,1,True,17.062247000467323,19.334557498950744,21.190381029682612,16.16785713000354,100,58.608927650186445,2.11.0+cu130,False
B01 resnet50,Tesla T4,fp32,32,224,1,True,248.28124350005965,250.25716959944475,250.96099566973862,247.7886610600217,100,128.88609525589197,2.11.0+cu130,False
B04 efficientnet_b0,Tesla T4,fp32,1,224,1,False,15.777669998897181,19.172104649442186,29.0448710304736,16.580072800006747,100,63.380714647340035,2.11.0+cu130,False
B04 efficientnet_b0,Tesla T4,fp32,32,224,1,False,77.02694450108538,78.32066135088098,79.17146847939875,75.82103949007433,100,415.439041588221,2.11.0+cu130,False
B04 efficientnet_b0,Tesla T4,fp32,1,224,1,True,18.222163000245928,29.795085749810816,37.798037329357626,19.065762579939474,100,54.878227133985355,2.11.0+cu130,False
B04 efficientnet_b0,Tesla T4,fp32,32,224,1,True,73.41937049932312,73.96265450006467,74.16209260054531,71.22901789000025,100,435.85227961461504,2.11.0+cu130,False
