epoch,train_loss,train_acc,val_loss,val_macro_f1,val_top1,val_bal_acc,val_ece,lr_end,epoch_time_s
1,1.255771439068201,0.6056592987804879,0.4366617202758789,0.8258183168186713,0.8614681519565839,0.8285528636274654,0.04395925386149799,0.0001,47.23636794090271
2,0.8110078066224005,0.7482850609756098,0.31323957443237305,0.8729451920567466,0.8988860325621251,0.8945272448702885,0.01994753512336339,9.698463103929542e-05,47.163970947265625
3,0.6864572057455052,0.7836318597560976,0.25984710454940796,0.8988790218925075,0.9243073407597829,0.8886348119314786,0.021109947542681307,8.83022221559489e-05,46.9717116355896
4,0.6489695865751767,0.7972560975609756,0.1486668586730957,0.9443085526815688,0.9568694658668951,0.9522996105086001,0.027474856261875305,7.500000000000001e-05,47.05209255218506
5,0.6181681904850936,0.7992568597560976,0.13788394629955292,0.9467716232528242,0.9597257926306769,0.9440613675356904,0.015709596023762293,5.868240888334653e-05,47.031519651412964
6,0.5470832610820852,0.8002096036585366,0.1216743066906929,0.955168270813525,0.9651528134818623,0.9648822963124363,0.015173911023982843,4.131759111665349e-05,47.075439453125
7,0.5431218611576208,0.8418445121951219,0.10416238754987717,0.9627883574702665,0.9705798343330477,0.9642288402040945,0.009776717035713228,2.500000000000001e-05,47.04981994628906
8,0.5027385067376422,0.8416539634146342,0.09407749772071838,0.9641164130649954,0.9722936303913168,0.9652238424411164,0.01034174433538754,1.1697777844051105e-05,46.90768098831177
9,0.5019900220469004,0.8177400914634146,0.09353867918252945,0.9671911291430226,0.9737217937732077,0.9711272598936633,0.006923631759969516,3.0153689607045845e-06,47.06837034225464
10,0.4984596688754675,0.8327934451219512,0.0949179083108902,0.9683417144345277,0.974293059125964,0.9738461567147019,0.0063956482983736455,0.0,46.91256022453308
